<?xml version="1.0" encoding="UTF-8"?>
<point_cloud version="1.2.0">
  <params>
    <dataType>uint8</dataType>
    <bands>
      <band label="Red"/>
      <band label="Green"/>
      <band label="Blue"/>
    </bands>
  </params>
  <tracks path="tracks.ply" count="37220"/>
  <points component_id="0" path="points0.ply" count="25137"/>
  <projections camera_id="0" path="p0.ply" count="2038"/>
  <projections camera_id="1" path="p1.ply" count="1905"/>
  <projections camera_id="2" path="p2.ply" count="1614"/>
  <projections camera_id="3" path="p3.ply" count="1730"/>
  <projections camera_id="4" path="p4.ply" count="1556"/>
  <projections camera_id="5" path="p5.ply" count="1262"/>
  <projections camera_id="6" path="p6.ply" count="1278"/>
  <projections camera_id="7" path="p7.ply" count="1145"/>
  <projections camera_id="8" path="p8.ply" count="1189"/>
  <projections camera_id="9" path="p9.ply" count="1240"/>
  <projections camera_id="10" path="p10.ply" count="1399"/>
  <projections camera_id="11" path="p11.ply" count="1406"/>
  <projections camera_id="12" path="p12.ply" count="1203"/>
  <projections camera_id="13" path="p13.ply" count="1087"/>
  <projections camera_id="14" path="p14.ply" count="1397"/>
  <projections camera_id="15" path="p15.ply" count="1886"/>
  <projections camera_id="16" path="p16.ply" count="1874"/>
  <projections camera_id="17" path="p17.ply" count="1537"/>
  <projections camera_id="18" path="p18.ply" count="1437"/>
  <projections camera_id="19" path="p19.ply" count="1507"/>
  <projections camera_id="20" path="p20.ply" count="1416"/>
  <projections camera_id="21" path="p21.ply" count="1296"/>
  <projections camera_id="22" path="p22.ply" count="1420"/>
  <projections camera_id="23" path="p23.ply" count="1591"/>
  <projections camera_id="24" path="p24.ply" count="1576"/>
  <projections camera_id="25" path="p25.ply" count="1505"/>
  <projections camera_id="26" path="p26.ply" count="1690"/>
  <projections camera_id="27" path="p27.ply" count="1860"/>
  <projections camera_id="28" path="p28.ply" count="1892"/>
  <projections camera_id="29" path="p29.ply" count="1992"/>
  <projections camera_id="30" path="p30.ply" count="2345"/>
  <projections camera_id="31" path="p31.ply" count="2210"/>
  <projections camera_id="32" path="p32.ply" count="2736"/>
  <projections camera_id="33" path="p33.ply" count="2787"/>
  <projections camera_id="34" path="p34.ply" count="3238"/>
  <projections camera_id="35" path="p35.ply" count="3844"/>
  <projections camera_id="36" path="p36.ply" count="2962"/>
  <projections camera_id="37" path="p37.ply" count="2533"/>
  <projections camera_id="38" path="p38.ply" count="1967"/>
  <projections camera_id="39" path="p39.ply" count="1768"/>
  <projections camera_id="40" path="p40.ply" count="1824"/>
  <projections camera_id="41" path="p41.ply" count="1886"/>
  <projections camera_id="42" path="p42.ply" count="1756"/>
  <projections camera_id="43" path="p43.ply" count="1773"/>
  <projections camera_id="44" path="p44.ply" count="1960"/>
  <projections camera_id="45" path="p45.ply" count="1754"/>
  <projections camera_id="46" path="p46.ply" count="1674"/>
  <projections camera_id="47" path="p47.ply" count="1789"/>
  <projections camera_id="48" path="p48.ply" count="2010"/>
  <projections camera_id="49" path="p49.ply" count="1719"/>
  <projections camera_id="50" path="p50.ply" count="1523"/>
  <projections camera_id="51" path="p51.ply" count="1508"/>
  <projections camera_id="52" path="p52.ply" count="1509"/>
  <projections camera_id="53" path="p53.ply" count="1328"/>
  <projections camera_id="54" path="p54.ply" count="1737"/>
  <projections camera_id="55" path="p55.ply" count="1911"/>
  <projections camera_id="56" path="p56.ply" count="2059"/>
  <projections camera_id="57" path="p57.ply" count="2377"/>
  <projections camera_id="58" path="p58.ply" count="2674"/>
  <projections camera_id="59" path="p59.ply" count="2635"/>
  <meta>
    <property name="Info/LastSavedDateTime" value="2022:11:28 10:51:23"/>
    <property name="Info/LastSavedSoftwareVersion" value="1.8.4.14856"/>
    <property name="Info/OriginalDateTime" value="2022:11:28 10:42:21"/>
    <property name="Info/OriginalSoftwareVersion" value="1.8.4.14856"/>
    <property name="MatchPhotos/cameras" value=""/>
    <property name="MatchPhotos/descriptor_type" value="binary"/>
    <property name="MatchPhotos/descriptor_version" value="1.1.0"/>
    <property name="MatchPhotos/downscale" value="1"/>
    <property name="MatchPhotos/duration" value="13.412"/>
    <property name="MatchPhotos/filter_mask" value="true"/>
    <property name="MatchPhotos/filter_stationary_points" value="true"/>
    <property name="MatchPhotos/generic_preselection" value="true"/>
    <property name="MatchPhotos/guided_matching" value="false"/>
    <property name="MatchPhotos/keep_keypoints" value="false"/>
    <property name="MatchPhotos/keypoint_limit" value="40000"/>
    <property name="MatchPhotos/keypoint_limit_per_mpx" value="1000"/>
    <property name="MatchPhotos/mask_tiepoints" value="false"/>
    <property name="MatchPhotos/max_workgroup_size" value="100"/>
    <property name="MatchPhotos/ram_used" value="387567616"/>
    <property name="MatchPhotos/reference_preselection" value="true"/>
    <property name="MatchPhotos/reference_preselection_mode" value="2"/>
    <property name="MatchPhotos/reset_matches" value="false"/>
    <property name="MatchPhotos/subdivide_task" value="true"/>
    <property name="MatchPhotos/tiepoint_limit" value="4000"/>
    <property name="MatchPhotos/workitem_size_cameras" value="20"/>
    <property name="MatchPhotos/workitem_size_pairs" value="80"/>
  </meta>
</point_cloud>
