<?xml version="1.0" encoding="UTF-8"?>
<frame version="1.2.0">
  <cameras>
    <camera camera_id="0">
      <photo path="../../../IMG_9891.JPG">
        <meta>
          <property name="Exif/ApertureValue" value="1.69599"/>
          <property name="Exif/DateTime" value="2022:11:28 10:49:31"/>
          <property name="Exif/DateTimeOriginal" value="2022:11:28 10:49:31"/>
          <property name="Exif/ExposureTime" value="0.00833333"/>
          <property name="Exif/FNumber" value="1.8"/>
          <property name="Exif/FocalLength" value="4"/>
          <property name="Exif/FocalLengthIn35mmFilm" value="33"/>
          <property name="Exif/ISOSpeedRatings" value="50"/>
          <property name="Exif/LensMake" value="Apple"/>
          <property name="Exif/LensModel" value="iPhone X back dual camera 4mm f/1.8"/>
          <property name="Exif/Make" value="Apple"/>
          <property name="Exif/Model" value="iPhone X"/>
          <property name="Exif/Orientation" value="6"/>
          <property name="Exif/ShutterSpeedValue" value="6.90955"/>
          <property name="Exif/Software" value="16.1.1"/>
          <property name="File/ImageHeight" value="3024"/>
          <property name="File/ImageWidth" value="3024"/>
          <property name="System/FileModifyDate" value="2022:11:28 11:27:32"/>
          <property name="System/FileSize" value="1497297"/>
        </meta>
      </photo>
    </camera>
    <camera camera_id="1">
      <photo path="../../../IMG_9892.JPG">
        <meta>
          <property name="Exif/ApertureValue" value="1.69599"/>
          <property name="Exif/DateTime" value="2022:11:28 10:49:36"/>
          <property name="Exif/DateTimeOriginal" value="2022:11:28 10:49:36"/>
          <property name="Exif/ExposureTime" value="0.00833333"/>
          <property name="Exif/FNumber" value="1.8"/>
          <property name="Exif/FocalLength" value="4"/>
          <property name="Exif/FocalLengthIn35mmFilm" value="33"/>
          <property name="Exif/ISOSpeedRatings" value="50"/>
          <property name="Exif/LensMake" value="Apple"/>
          <property name="Exif/LensModel" value="iPhone X back dual camera 4mm f/1.8"/>
          <property name="Exif/Make" value="Apple"/>
          <property name="Exif/Model" value="iPhone X"/>
          <property name="Exif/Orientation" value="6"/>
          <property name="Exif/ShutterSpeedValue" value="6.90955"/>
          <property name="Exif/Software" value="16.1.1"/>
          <property name="File/ImageHeight" value="3024"/>
          <property name="File/ImageWidth" value="3024"/>
          <property name="System/FileModifyDate" value="2022:11:28 11:27:32"/>
          <property name="System/FileSize" value="1456105"/>
        </meta>
      </photo>
    </camera>
    <camera camera_id="2">
      <photo path="../../../IMG_9893.JPG">
        <meta>
          <property name="Exif/ApertureValue" value="1.69599"/>
          <property name="Exif/DateTime" value="2022:11:28 10:49:40"/>
          <property name="Exif/DateTimeOriginal" value="2022:11:28 10:49:40"/>
          <property name="Exif/ExposureTime" value="0.00833333"/>
          <property name="Exif/FNumber" value="1.8"/>
          <property name="Exif/FocalLength" value="4"/>
          <property name="Exif/FocalLengthIn35mmFilm" value="33"/>
          <property name="Exif/ISOSpeedRatings" value="40"/>
          <property name="Exif/LensMake" value="Apple"/>
          <property name="Exif/LensModel" value="iPhone X back dual camera 4mm f/1.8"/>
          <property name="Exif/Make" value="Apple"/>
          <property name="Exif/Model" value="iPhone X"/>
          <property name="Exif/Orientation" value="6"/>
          <property name="Exif/ShutterSpeedValue" value="6.90955"/>
          <property name="Exif/Software" value="16.1.1"/>
          <property name="File/ImageHeight" value="3024"/>
          <property name="File/ImageWidth" value="3024"/>
          <property name="System/FileModifyDate" value="2022:11:28 11:27:32"/>
          <property name="System/FileSize" value="1467507"/>
        </meta>
      </photo>
    </camera>
    <camera camera_id="3">
      <photo path="../../../IMG_9894.JPG">
        <meta>
          <property name="Exif/ApertureValue" value="1.69599"/>
          <property name="Exif/DateTime" value="2022:11:28 10:49:43"/>
          <property name="Exif/DateTimeOriginal" value="2022:11:28 10:49:43"/>
          <property name="Exif/ExposureTime" value="0.00833333"/>
          <property name="Exif/FNumber" value="1.8"/>
          <property name="Exif/FocalLength" value="4"/>
          <property name="Exif/FocalLengthIn35mmFilm" value="33"/>
          <property name="Exif/ISOSpeedRatings" value="40"/>
          <property name="Exif/LensMake" value="Apple"/>
          <property name="Exif/LensModel" value="iPhone X back dual camera 4mm f/1.8"/>
          <property name="Exif/Make" value="Apple"/>
          <property name="Exif/Model" value="iPhone X"/>
          <property name="Exif/Orientation" value="6"/>
          <property name="Exif/ShutterSpeedValue" value="6.90955"/>
          <property name="Exif/Software" value="16.1.1"/>
          <property name="File/ImageHeight" value="3024"/>
          <property name="File/ImageWidth" value="3024"/>
          <property name="System/FileModifyDate" value="2022:11:28 11:27:32"/>
          <property name="System/FileSize" value="1410681"/>
        </meta>
      </photo>
    </camera>
    <camera camera_id="4">
      <photo path="../../../IMG_9895.JPG">
        <meta>
          <property name="Exif/ApertureValue" value="1.69599"/>
          <property name="Exif/DateTime" value="2022:11:28 10:49:47"/>
          <property name="Exif/DateTimeOriginal" value="2022:11:28 10:49:47"/>
          <property name="Exif/ExposureTime" value="0.00833333"/>
          <property name="Exif/FNumber" value="1.8"/>
          <property name="Exif/FocalLength" value="4"/>
          <property name="Exif/FocalLengthIn35mmFilm" value="33"/>
          <property name="Exif/ISOSpeedRatings" value="40"/>
          <property name="Exif/LensMake" value="Apple"/>
          <property name="Exif/LensModel" value="iPhone X back dual camera 4mm f/1.8"/>
          <property name="Exif/Make" value="Apple"/>
          <property name="Exif/Model" value="iPhone X"/>
          <property name="Exif/Orientation" value="6"/>
          <property name="Exif/ShutterSpeedValue" value="6.90955"/>
          <property name="Exif/Software" value="16.1.1"/>
          <property name="File/ImageHeight" value="3024"/>
          <property name="File/ImageWidth" value="3024"/>
          <property name="System/FileModifyDate" value="2022:11:28 11:27:32"/>
          <property name="System/FileSize" value="1459092"/>
        </meta>
      </photo>
    </camera>
    <camera camera_id="5">
      <photo path="../../../IMG_9896.JPG">
        <meta>
          <property name="Exif/ApertureValue" value="1.69599"/>
          <property name="Exif/DateTime" value="2022:11:28 10:49:51"/>
          <property name="Exif/DateTimeOriginal" value="2022:11:28 10:49:51"/>
          <property name="Exif/ExposureTime" value="0.00833333"/>
          <property name="Exif/FNumber" value="1.8"/>
          <property name="Exif/FocalLength" value="4"/>
          <property name="Exif/FocalLengthIn35mmFilm" value="33"/>
          <property name="Exif/ISOSpeedRatings" value="40"/>
          <property name="Exif/LensMake" value="Apple"/>
          <property name="Exif/LensModel" value="iPhone X back dual camera 4mm f/1.8"/>
          <property name="Exif/Make" value="Apple"/>
          <property name="Exif/Model" value="iPhone X"/>
          <property name="Exif/Orientation" value="6"/>
          <property name="Exif/ShutterSpeedValue" value="6.90955"/>
          <property name="Exif/Software" value="16.1.1"/>
          <property name="File/ImageHeight" value="3024"/>
          <property name="File/ImageWidth" value="3024"/>
          <property name="System/FileModifyDate" value="2022:11:28 11:27:32"/>
          <property name="System/FileSize" value="1391704"/>
        </meta>
      </photo>
    </camera>
    <camera camera_id="6">
      <photo path="../../../IMG_9897.JPG">
        <meta>
          <property name="Exif/ApertureValue" value="1.69599"/>
          <property name="Exif/DateTime" value="2022:11:28 10:49:55"/>
          <property name="Exif/DateTimeOriginal" value="2022:11:28 10:49:55"/>
          <property name="Exif/ExposureTime" value="0.00833333"/>
          <property name="Exif/FNumber" value="1.8"/>
          <property name="Exif/FocalLength" value="4"/>
          <property name="Exif/FocalLengthIn35mmFilm" value="33"/>
          <property name="Exif/ISOSpeedRatings" value="32"/>
          <property name="Exif/LensMake" value="Apple"/>
          <property name="Exif/LensModel" value="iPhone X back dual camera 4mm f/1.8"/>
          <property name="Exif/Make" value="Apple"/>
          <property name="Exif/Model" value="iPhone X"/>
          <property name="Exif/Orientation" value="6"/>
          <property name="Exif/ShutterSpeedValue" value="6.90955"/>
          <property name="Exif/Software" value="16.1.1"/>
          <property name="File/ImageHeight" value="3024"/>
          <property name="File/ImageWidth" value="3024"/>
          <property name="System/FileModifyDate" value="2022:11:28 11:27:32"/>
          <property name="System/FileSize" value="1410522"/>
        </meta>
      </photo>
    </camera>
    <camera camera_id="7">
      <photo path="../../../IMG_9898.JPG">
        <meta>
          <property name="Exif/ApertureValue" value="1.69599"/>
          <property name="Exif/DateTime" value="2022:11:28 10:49:59"/>
          <property name="Exif/DateTimeOriginal" value="2022:11:28 10:49:59"/>
          <property name="Exif/ExposureTime" value="0.00833333"/>
          <property name="Exif/FNumber" value="1.8"/>
          <property name="Exif/FocalLength" value="4"/>
          <property name="Exif/FocalLengthIn35mmFilm" value="33"/>
          <property name="Exif/ISOSpeedRatings" value="32"/>
          <property name="Exif/LensMake" value="Apple"/>
          <property name="Exif/LensModel" value="iPhone X back dual camera 4mm f/1.8"/>
          <property name="Exif/Make" value="Apple"/>
          <property name="Exif/Model" value="iPhone X"/>
          <property name="Exif/Orientation" value="6"/>
          <property name="Exif/ShutterSpeedValue" value="6.90955"/>
          <property name="Exif/Software" value="16.1.1"/>
          <property name="File/ImageHeight" value="3024"/>
          <property name="File/ImageWidth" value="3024"/>
          <property name="System/FileModifyDate" value="2022:11:28 11:27:32"/>
          <property name="System/FileSize" value="1347050"/>
        </meta>
      </photo>
    </camera>
    <camera camera_id="8">
      <photo path="../../../IMG_9899.JPG">
        <meta>
          <property name="Exif/ApertureValue" value="1.69599"/>
          <property name="Exif/DateTime" value="2022:11:28 10:50:03"/>
          <property name="Exif/DateTimeOriginal" value="2022:11:28 10:50:03"/>
          <property name="Exif/ExposureTime" value="0.00833333"/>
          <property name="Exif/FNumber" value="1.8"/>
          <property name="Exif/FocalLength" value="4"/>
          <property name="Exif/FocalLengthIn35mmFilm" value="33"/>
          <property name="Exif/ISOSpeedRatings" value="25"/>
          <property name="Exif/LensMake" value="Apple"/>
          <property name="Exif/LensModel" value="iPhone X back dual camera 4mm f/1.8"/>
          <property name="Exif/Make" value="Apple"/>
          <property name="Exif/Model" value="iPhone X"/>
          <property name="Exif/Orientation" value="6"/>
          <property name="Exif/ShutterSpeedValue" value="6.90955"/>
          <property name="Exif/Software" value="16.1.1"/>
          <property name="File/ImageHeight" value="3024"/>
          <property name="File/ImageWidth" value="3024"/>
          <property name="System/FileModifyDate" value="2022:11:28 11:27:33"/>
          <property name="System/FileSize" value="1366936"/>
        </meta>
      </photo>
    </camera>
    <camera camera_id="9">
      <photo path="../../../IMG_9900.JPG">
        <meta>
          <property name="Exif/ApertureValue" value="1.69599"/>
          <property name="Exif/DateTime" value="2022:11:28 10:50:07"/>
          <property name="Exif/DateTimeOriginal" value="2022:11:28 10:50:07"/>
          <property name="Exif/ExposureTime" value="0.00833333"/>
          <property name="Exif/FNumber" value="1.8"/>
          <property name="Exif/FocalLength" value="4"/>
          <property name="Exif/FocalLengthIn35mmFilm" value="33"/>
          <property name="Exif/ISOSpeedRatings" value="32"/>
          <property name="Exif/LensMake" value="Apple"/>
          <property name="Exif/LensModel" value="iPhone X back dual camera 4mm f/1.8"/>
          <property name="Exif/Make" value="Apple"/>
          <property name="Exif/Model" value="iPhone X"/>
          <property name="Exif/Orientation" value="6"/>
          <property name="Exif/ShutterSpeedValue" value="6.90955"/>
          <property name="Exif/Software" value="16.1.1"/>
          <property name="File/ImageHeight" value="3024"/>
          <property name="File/ImageWidth" value="3024"/>
          <property name="System/FileModifyDate" value="2022:11:28 11:27:33"/>
          <property name="System/FileSize" value="1398876"/>
        </meta>
      </photo>
    </camera>
    <camera camera_id="10">
      <photo path="../../../IMG_9901.JPG">
        <meta>
          <property name="Exif/ApertureValue" value="1.69599"/>
          <property name="Exif/DateTime" value="2022:11:28 10:50:10"/>
          <property name="Exif/DateTimeOriginal" value="2022:11:28 10:50:10"/>
          <property name="Exif/ExposureTime" value="0.00833333"/>
          <property name="Exif/FNumber" value="1.8"/>
          <property name="Exif/FocalLength" value="4"/>
          <property name="Exif/FocalLengthIn35mmFilm" value="33"/>
          <property name="Exif/ISOSpeedRatings" value="32"/>
          <property name="Exif/LensMake" value="Apple"/>
          <property name="Exif/LensModel" value="iPhone X back dual camera 4mm f/1.8"/>
          <property name="Exif/Make" value="Apple"/>
          <property name="Exif/Model" value="iPhone X"/>
          <property name="Exif/Orientation" value="6"/>
          <property name="Exif/ShutterSpeedValue" value="6.90955"/>
          <property name="Exif/Software" value="16.1.1"/>
          <property name="File/ImageHeight" value="3024"/>
          <property name="File/ImageWidth" value="3024"/>
          <property name="System/FileModifyDate" value="2022:11:28 11:27:33"/>
          <property name="System/FileSize" value="1426252"/>
        </meta>
      </photo>
    </camera>
    <camera camera_id="11">
      <photo path="../../../IMG_9902.JPG">
        <meta>
          <property name="Exif/ApertureValue" value="1.69599"/>
          <property name="Exif/DateTime" value="2022:11:28 10:50:14"/>
          <property name="Exif/DateTimeOriginal" value="2022:11:28 10:50:14"/>
          <property name="Exif/ExposureTime" value="0.00833333"/>
          <property name="Exif/FNumber" value="1.8"/>
          <property name="Exif/FocalLength" value="4"/>
          <property name="Exif/FocalLengthIn35mmFilm" value="33"/>
          <property name="Exif/ISOSpeedRatings" value="32"/>
          <property name="Exif/LensMake" value="Apple"/>
          <property name="Exif/LensModel" value="iPhone X back dual camera 4mm f/1.8"/>
          <property name="Exif/Make" value="Apple"/>
          <property name="Exif/Model" value="iPhone X"/>
          <property name="Exif/Orientation" value="6"/>
          <property name="Exif/ShutterSpeedValue" value="6.90955"/>
          <property name="Exif/Software" value="16.1.1"/>
          <property name="File/ImageHeight" value="3024"/>
          <property name="File/ImageWidth" value="3024"/>
          <property name="System/FileModifyDate" value="2022:11:28 11:27:33"/>
          <property name="System/FileSize" value="1511625"/>
        </meta>
      </photo>
    </camera>
    <camera camera_id="12">
      <photo path="../../../IMG_9903.JPG">
        <meta>
          <property name="Exif/ApertureValue" value="1.69599"/>
          <property name="Exif/DateTime" value="2022:11:28 10:50:19"/>
          <property name="Exif/DateTimeOriginal" value="2022:11:28 10:50:19"/>
          <property name="Exif/ExposureTime" value="0.00833333"/>
          <property name="Exif/FNumber" value="1.8"/>
          <property name="Exif/FocalLength" value="4"/>
          <property name="Exif/FocalLengthIn35mmFilm" value="33"/>
          <property name="Exif/ISOSpeedRatings" value="32"/>
          <property name="Exif/LensMake" value="Apple"/>
          <property name="Exif/LensModel" value="iPhone X back dual camera 4mm f/1.8"/>
          <property name="Exif/Make" value="Apple"/>
          <property name="Exif/Model" value="iPhone X"/>
          <property name="Exif/Orientation" value="6"/>
          <property name="Exif/ShutterSpeedValue" value="6.90955"/>
          <property name="Exif/Software" value="16.1.1"/>
          <property name="File/ImageHeight" value="3024"/>
          <property name="File/ImageWidth" value="3024"/>
          <property name="System/FileModifyDate" value="2022:11:28 11:27:33"/>
          <property name="System/FileSize" value="1444177"/>
        </meta>
      </photo>
    </camera>
    <camera camera_id="13">
      <photo path="../../../IMG_9904.JPG">
        <meta>
          <property name="Exif/ApertureValue" value="1.69599"/>
          <property name="Exif/DateTime" value="2022:11:28 10:50:23"/>
          <property name="Exif/DateTimeOriginal" value="2022:11:28 10:50:23"/>
          <property name="Exif/ExposureTime" value="0.00833333"/>
          <property name="Exif/FNumber" value="1.8"/>
          <property name="Exif/FocalLength" value="4"/>
          <property name="Exif/FocalLengthIn35mmFilm" value="33"/>
          <property name="Exif/ISOSpeedRatings" value="32"/>
          <property name="Exif/LensMake" value="Apple"/>
          <property name="Exif/LensModel" value="iPhone X back dual camera 4mm f/1.8"/>
          <property name="Exif/Make" value="Apple"/>
          <property name="Exif/Model" value="iPhone X"/>
          <property name="Exif/Orientation" value="6"/>
          <property name="Exif/ShutterSpeedValue" value="6.90955"/>
          <property name="Exif/Software" value="16.1.1"/>
          <property name="File/ImageHeight" value="3024"/>
          <property name="File/ImageWidth" value="3024"/>
          <property name="System/FileModifyDate" value="2022:11:28 11:27:33"/>
          <property name="System/FileSize" value="1408378"/>
        </meta>
      </photo>
    </camera>
    <camera camera_id="14">
      <photo path="../../../IMG_9905.JPG">
        <meta>
          <property name="Exif/ApertureValue" value="1.69599"/>
          <property name="Exif/DateTime" value="2022:11:28 10:50:26"/>
          <property name="Exif/DateTimeOriginal" value="2022:11:28 10:50:26"/>
          <property name="Exif/ExposureTime" value="0.00833333"/>
          <property name="Exif/FNumber" value="1.8"/>
          <property name="Exif/FocalLength" value="4"/>
          <property name="Exif/FocalLengthIn35mmFilm" value="33"/>
          <property name="Exif/ISOSpeedRatings" value="32"/>
          <property name="Exif/LensMake" value="Apple"/>
          <property name="Exif/LensModel" value="iPhone X back dual camera 4mm f/1.8"/>
          <property name="Exif/Make" value="Apple"/>
          <property name="Exif/Model" value="iPhone X"/>
          <property name="Exif/Orientation" value="6"/>
          <property name="Exif/ShutterSpeedValue" value="6.90955"/>
          <property name="Exif/Software" value="16.1.1"/>
          <property name="File/ImageHeight" value="3024"/>
          <property name="File/ImageWidth" value="3024"/>
          <property name="System/FileModifyDate" value="2022:11:28 11:27:33"/>
          <property name="System/FileSize" value="1413457"/>
        </meta>
      </photo>
    </camera>
    <camera camera_id="15">
      <photo path="../../../IMG_9906.JPG">
        <meta>
          <property name="Exif/ApertureValue" value="1.69599"/>
          <property name="Exif/DateTime" value="2022:11:28 10:50:30"/>
          <property name="Exif/DateTimeOriginal" value="2022:11:28 10:50:30"/>
          <property name="Exif/ExposureTime" value="0.00833333"/>
          <property name="Exif/FNumber" value="1.8"/>
          <property name="Exif/FocalLength" value="4"/>
          <property name="Exif/FocalLengthIn35mmFilm" value="33"/>
          <property name="Exif/ISOSpeedRatings" value="32"/>
          <property name="Exif/LensMake" value="Apple"/>
          <property name="Exif/LensModel" value="iPhone X back dual camera 4mm f/1.8"/>
          <property name="Exif/Make" value="Apple"/>
          <property name="Exif/Model" value="iPhone X"/>
          <property name="Exif/Orientation" value="6"/>
          <property name="Exif/ShutterSpeedValue" value="6.90955"/>
          <property name="Exif/Software" value="16.1.1"/>
          <property name="File/ImageHeight" value="3024"/>
          <property name="File/ImageWidth" value="3024"/>
          <property name="System/FileModifyDate" value="2022:11:28 11:27:33"/>
          <property name="System/FileSize" value="1360622"/>
        </meta>
      </photo>
    </camera>
    <camera camera_id="16">
      <photo path="../../../IMG_9907.JPG">
        <meta>
          <property name="Exif/ApertureValue" value="1.69599"/>
          <property name="Exif/DateTime" value="2022:11:28 10:50:35"/>
          <property name="Exif/DateTimeOriginal" value="2022:11:28 10:50:35"/>
          <property name="Exif/ExposureTime" value="0.00833333"/>
          <property name="Exif/FNumber" value="1.8"/>
          <property name="Exif/FocalLength" value="4"/>
          <property name="Exif/FocalLengthIn35mmFilm" value="33"/>
          <property name="Exif/ISOSpeedRatings" value="32"/>
          <property name="Exif/LensMake" value="Apple"/>
          <property name="Exif/LensModel" value="iPhone X back dual camera 4mm f/1.8"/>
          <property name="Exif/Make" value="Apple"/>
          <property name="Exif/Model" value="iPhone X"/>
          <property name="Exif/Orientation" value="6"/>
          <property name="Exif/ShutterSpeedValue" value="6.90955"/>
          <property name="Exif/Software" value="16.1.1"/>
          <property name="File/ImageHeight" value="3024"/>
          <property name="File/ImageWidth" value="3024"/>
          <property name="System/FileModifyDate" value="2022:11:28 11:27:33"/>
          <property name="System/FileSize" value="1429582"/>
        </meta>
      </photo>
    </camera>
    <camera camera_id="17">
      <photo path="../../../IMG_9908.JPG">
        <meta>
          <property name="Exif/ApertureValue" value="1.69599"/>
          <property name="Exif/DateTime" value="2022:11:28 10:50:39"/>
          <property name="Exif/DateTimeOriginal" value="2022:11:28 10:50:39"/>
          <property name="Exif/ExposureTime" value="0.00833333"/>
          <property name="Exif/FNumber" value="1.8"/>
          <property name="Exif/FocalLength" value="4"/>
          <property name="Exif/FocalLengthIn35mmFilm" value="33"/>
          <property name="Exif/ISOSpeedRatings" value="32"/>
          <property name="Exif/LensMake" value="Apple"/>
          <property name="Exif/LensModel" value="iPhone X back dual camera 4mm f/1.8"/>
          <property name="Exif/Make" value="Apple"/>
          <property name="Exif/Model" value="iPhone X"/>
          <property name="Exif/Orientation" value="6"/>
          <property name="Exif/ShutterSpeedValue" value="6.90955"/>
          <property name="Exif/Software" value="16.1.1"/>
          <property name="File/ImageHeight" value="3024"/>
          <property name="File/ImageWidth" value="3024"/>
          <property name="System/FileModifyDate" value="2022:11:28 11:27:33"/>
          <property name="System/FileSize" value="1407893"/>
        </meta>
      </photo>
    </camera>
    <camera camera_id="18">
      <photo path="../../../IMG_9909.JPG">
        <meta>
          <property name="Exif/ApertureValue" value="1.69599"/>
          <property name="Exif/DateTime" value="2022:11:28 10:50:43"/>
          <property name="Exif/DateTimeOriginal" value="2022:11:28 10:50:43"/>
          <property name="Exif/ExposureTime" value="0.00833333"/>
          <property name="Exif/FNumber" value="1.8"/>
          <property name="Exif/FocalLength" value="4"/>
          <property name="Exif/FocalLengthIn35mmFilm" value="33"/>
          <property name="Exif/ISOSpeedRatings" value="32"/>
          <property name="Exif/LensMake" value="Apple"/>
          <property name="Exif/LensModel" value="iPhone X back dual camera 4mm f/1.8"/>
          <property name="Exif/Make" value="Apple"/>
          <property name="Exif/Model" value="iPhone X"/>
          <property name="Exif/Orientation" value="6"/>
          <property name="Exif/ShutterSpeedValue" value="6.90955"/>
          <property name="Exif/Software" value="16.1.1"/>
          <property name="File/ImageHeight" value="3024"/>
          <property name="File/ImageWidth" value="3024"/>
          <property name="System/FileModifyDate" value="2022:11:28 11:27:33"/>
          <property name="System/FileSize" value="1402452"/>
        </meta>
      </photo>
    </camera>
    <camera camera_id="19">
      <photo path="../../../IMG_9910.JPG">
        <meta>
          <property name="Exif/ApertureValue" value="1.69599"/>
          <property name="Exif/DateTime" value="2022:11:28 10:50:46"/>
          <property name="Exif/DateTimeOriginal" value="2022:11:28 10:50:46"/>
          <property name="Exif/ExposureTime" value="0.00833333"/>
          <property name="Exif/FNumber" value="1.8"/>
          <property name="Exif/FocalLength" value="4"/>
          <property name="Exif/FocalLengthIn35mmFilm" value="33"/>
          <property name="Exif/ISOSpeedRatings" value="32"/>
          <property name="Exif/LensMake" value="Apple"/>
          <property name="Exif/LensModel" value="iPhone X back dual camera 4mm f/1.8"/>
          <property name="Exif/Make" value="Apple"/>
          <property name="Exif/Model" value="iPhone X"/>
          <property name="Exif/Orientation" value="6"/>
          <property name="Exif/ShutterSpeedValue" value="6.90955"/>
          <property name="Exif/Software" value="16.1.1"/>
          <property name="File/ImageHeight" value="3024"/>
          <property name="File/ImageWidth" value="3024"/>
          <property name="System/FileModifyDate" value="2022:11:28 11:27:33"/>
          <property name="System/FileSize" value="1400712"/>
        </meta>
      </photo>
    </camera>
    <camera camera_id="20">
      <photo path="../../../IMG_9911.JPG">
        <meta>
          <property name="Exif/ApertureValue" value="1.69599"/>
          <property name="Exif/DateTime" value="2022:11:28 10:50:50"/>
          <property name="Exif/DateTimeOriginal" value="2022:11:28 10:50:50"/>
          <property name="Exif/ExposureTime" value="0.00833333"/>
          <property name="Exif/FNumber" value="1.8"/>
          <property name="Exif/FocalLength" value="4"/>
          <property name="Exif/FocalLengthIn35mmFilm" value="33"/>
          <property name="Exif/ISOSpeedRatings" value="32"/>
          <property name="Exif/LensMake" value="Apple"/>
          <property name="Exif/LensModel" value="iPhone X back dual camera 4mm f/1.8"/>
          <property name="Exif/Make" value="Apple"/>
          <property name="Exif/Model" value="iPhone X"/>
          <property name="Exif/Orientation" value="6"/>
          <property name="Exif/ShutterSpeedValue" value="6.90955"/>
          <property name="Exif/Software" value="16.1.1"/>
          <property name="File/ImageHeight" value="3024"/>
          <property name="File/ImageWidth" value="3024"/>
          <property name="System/FileModifyDate" value="2022:11:28 11:27:33"/>
          <property name="System/FileSize" value="1394765"/>
        </meta>
      </photo>
    </camera>
    <camera camera_id="21">
      <photo path="../../../IMG_9912.JPG">
        <meta>
          <property name="Exif/ApertureValue" value="1.69599"/>
          <property name="Exif/DateTime" value="2022:11:28 10:50:53"/>
          <property name="Exif/DateTimeOriginal" value="2022:11:28 10:50:53"/>
          <property name="Exif/ExposureTime" value="0.00833333"/>
          <property name="Exif/FNumber" value="1.8"/>
          <property name="Exif/FocalLength" value="4"/>
          <property name="Exif/FocalLengthIn35mmFilm" value="33"/>
          <property name="Exif/ISOSpeedRatings" value="32"/>
          <property name="Exif/LensMake" value="Apple"/>
          <property name="Exif/LensModel" value="iPhone X back dual camera 4mm f/1.8"/>
          <property name="Exif/Make" value="Apple"/>
          <property name="Exif/Model" value="iPhone X"/>
          <property name="Exif/Orientation" value="6"/>
          <property name="Exif/ShutterSpeedValue" value="6.90955"/>
          <property name="Exif/Software" value="16.1.1"/>
          <property name="File/ImageHeight" value="3024"/>
          <property name="File/ImageWidth" value="3024"/>
          <property name="System/FileModifyDate" value="2022:11:28 11:27:33"/>
          <property name="System/FileSize" value="1394375"/>
        </meta>
      </photo>
    </camera>
    <camera camera_id="22">
      <photo path="../../../IMG_9913.JPG">
        <meta>
          <property name="Exif/ApertureValue" value="1.69599"/>
          <property name="Exif/DateTime" value="2022:11:28 10:50:57"/>
          <property name="Exif/DateTimeOriginal" value="2022:11:28 10:50:57"/>
          <property name="Exif/ExposureTime" value="0.00833333"/>
          <property name="Exif/FNumber" value="1.8"/>
          <property name="Exif/FocalLength" value="4"/>
          <property name="Exif/FocalLengthIn35mmFilm" value="33"/>
          <property name="Exif/ISOSpeedRatings" value="32"/>
          <property name="Exif/LensMake" value="Apple"/>
          <property name="Exif/LensModel" value="iPhone X back dual camera 4mm f/1.8"/>
          <property name="Exif/Make" value="Apple"/>
          <property name="Exif/Model" value="iPhone X"/>
          <property name="Exif/Orientation" value="6"/>
          <property name="Exif/ShutterSpeedValue" value="6.90955"/>
          <property name="Exif/Software" value="16.1.1"/>
          <property name="File/ImageHeight" value="3024"/>
          <property name="File/ImageWidth" value="3024"/>
          <property name="System/FileModifyDate" value="2022:11:28 11:27:33"/>
          <property name="System/FileSize" value="1410633"/>
        </meta>
      </photo>
    </camera>
    <camera camera_id="23">
      <photo path="../../../IMG_9914.JPG">
        <meta>
          <property name="Exif/ApertureValue" value="1.69599"/>
          <property name="Exif/DateTime" value="2022:11:28 10:51:01"/>
          <property name="Exif/DateTimeOriginal" value="2022:11:28 10:51:01"/>
          <property name="Exif/ExposureTime" value="0.00833333"/>
          <property name="Exif/FNumber" value="1.8"/>
          <property name="Exif/FocalLength" value="4"/>
          <property name="Exif/FocalLengthIn35mmFilm" value="33"/>
          <property name="Exif/ISOSpeedRatings" value="32"/>
          <property name="Exif/LensMake" value="Apple"/>
          <property name="Exif/LensModel" value="iPhone X back dual camera 4mm f/1.8"/>
          <property name="Exif/Make" value="Apple"/>
          <property name="Exif/Model" value="iPhone X"/>
          <property name="Exif/Orientation" value="6"/>
          <property name="Exif/ShutterSpeedValue" value="6.90955"/>
          <property name="Exif/Software" value="16.1.1"/>
          <property name="File/ImageHeight" value="3024"/>
          <property name="File/ImageWidth" value="3024"/>
          <property name="System/FileModifyDate" value="2022:11:28 11:27:33"/>
          <property name="System/FileSize" value="1471573"/>
        </meta>
      </photo>
    </camera>
    <camera camera_id="24">
      <photo path="../../../IMG_9915.JPG">
        <meta>
          <property name="Exif/ApertureValue" value="1.69599"/>
          <property name="Exif/DateTime" value="2022:11:28 10:51:05"/>
          <property name="Exif/DateTimeOriginal" value="2022:11:28 10:51:05"/>
          <property name="Exif/ExposureTime" value="0.00833333"/>
          <property name="Exif/FNumber" value="1.8"/>
          <property name="Exif/FocalLength" value="4"/>
          <property name="Exif/FocalLengthIn35mmFilm" value="33"/>
          <property name="Exif/ISOSpeedRatings" value="32"/>
          <property name="Exif/LensMake" value="Apple"/>
          <property name="Exif/LensModel" value="iPhone X back dual camera 4mm f/1.8"/>
          <property name="Exif/Make" value="Apple"/>
          <property name="Exif/Model" value="iPhone X"/>
          <property name="Exif/Orientation" value="6"/>
          <property name="Exif/ShutterSpeedValue" value="6.90955"/>
          <property name="Exif/Software" value="16.1.1"/>
          <property name="File/ImageHeight" value="3024"/>
          <property name="File/ImageWidth" value="3024"/>
          <property name="System/FileModifyDate" value="2022:11:28 11:27:33"/>
          <property name="System/FileSize" value="1479866"/>
        </meta>
      </photo>
    </camera>
    <camera camera_id="25">
      <photo path="../../../IMG_9916.JPG">
        <meta>
          <property name="Exif/ApertureValue" value="1.69599"/>
          <property name="Exif/DateTime" value="2022:11:28 10:51:10"/>
          <property name="Exif/DateTimeOriginal" value="2022:11:28 10:51:10"/>
          <property name="Exif/ExposureTime" value="0.00833333"/>
          <property name="Exif/FNumber" value="1.8"/>
          <property name="Exif/FocalLength" value="4"/>
          <property name="Exif/FocalLengthIn35mmFilm" value="33"/>
          <property name="Exif/ISOSpeedRatings" value="32"/>
          <property name="Exif/LensMake" value="Apple"/>
          <property name="Exif/LensModel" value="iPhone X back dual camera 4mm f/1.8"/>
          <property name="Exif/Make" value="Apple"/>
          <property name="Exif/Model" value="iPhone X"/>
          <property name="Exif/Orientation" value="6"/>
          <property name="Exif/ShutterSpeedValue" value="6.90955"/>
          <property name="Exif/Software" value="16.1.1"/>
          <property name="File/ImageHeight" value="3024"/>
          <property name="File/ImageWidth" value="3024"/>
          <property name="System/FileModifyDate" value="2022:11:28 11:27:34"/>
          <property name="System/FileSize" value="1496294"/>
        </meta>
      </photo>
    </camera>
    <camera camera_id="26">
      <photo path="../../../IMG_9917.JPG">
        <meta>
          <property name="Exif/ApertureValue" value="1.69599"/>
          <property name="Exif/DateTime" value="2022:11:28 10:51:14"/>
          <property name="Exif/DateTimeOriginal" value="2022:11:28 10:51:14"/>
          <property name="Exif/ExposureTime" value="0.00833333"/>
          <property name="Exif/FNumber" value="1.8"/>
          <property name="Exif/FocalLength" value="4"/>
          <property name="Exif/FocalLengthIn35mmFilm" value="33"/>
          <property name="Exif/ISOSpeedRatings" value="32"/>
          <property name="Exif/LensMake" value="Apple"/>
          <property name="Exif/LensModel" value="iPhone X back dual camera 4mm f/1.8"/>
          <property name="Exif/Make" value="Apple"/>
          <property name="Exif/Model" value="iPhone X"/>
          <property name="Exif/Orientation" value="6"/>
          <property name="Exif/ShutterSpeedValue" value="6.90955"/>
          <property name="Exif/Software" value="16.1.1"/>
          <property name="File/ImageHeight" value="3024"/>
          <property name="File/ImageWidth" value="3024"/>
          <property name="System/FileModifyDate" value="2022:11:28 11:27:34"/>
          <property name="System/FileSize" value="1511683"/>
        </meta>
      </photo>
    </camera>
    <camera camera_id="27">
      <photo path="../../../IMG_9918.JPG">
        <meta>
          <property name="Exif/ApertureValue" value="1.69599"/>
          <property name="Exif/DateTime" value="2022:11:28 10:51:19"/>
          <property name="Exif/DateTimeOriginal" value="2022:11:28 10:51:19"/>
          <property name="Exif/ExposureTime" value="0.00833333"/>
          <property name="Exif/FNumber" value="1.8"/>
          <property name="Exif/FocalLength" value="4"/>
          <property name="Exif/FocalLengthIn35mmFilm" value="33"/>
          <property name="Exif/ISOSpeedRatings" value="32"/>
          <property name="Exif/LensMake" value="Apple"/>
          <property name="Exif/LensModel" value="iPhone X back dual camera 4mm f/1.8"/>
          <property name="Exif/Make" value="Apple"/>
          <property name="Exif/Model" value="iPhone X"/>
          <property name="Exif/Orientation" value="6"/>
          <property name="Exif/ShutterSpeedValue" value="6.90955"/>
          <property name="Exif/Software" value="16.1.1"/>
          <property name="File/ImageHeight" value="3024"/>
          <property name="File/ImageWidth" value="3024"/>
          <property name="System/FileModifyDate" value="2022:11:28 11:27:34"/>
          <property name="System/FileSize" value="1505161"/>
        </meta>
      </photo>
    </camera>
    <camera camera_id="28">
      <photo path="../../../IMG_9919.JPG">
        <meta>
          <property name="Exif/ApertureValue" value="1.69599"/>
          <property name="Exif/DateTime" value="2022:11:28 10:51:23"/>
          <property name="Exif/DateTimeOriginal" value="2022:11:28 10:51:23"/>
          <property name="Exif/ExposureTime" value="0.00833333"/>
          <property name="Exif/FNumber" value="1.8"/>
          <property name="Exif/FocalLength" value="4"/>
          <property name="Exif/FocalLengthIn35mmFilm" value="33"/>
          <property name="Exif/ISOSpeedRatings" value="32"/>
          <property name="Exif/LensMake" value="Apple"/>
          <property name="Exif/LensModel" value="iPhone X back dual camera 4mm f/1.8"/>
          <property name="Exif/Make" value="Apple"/>
          <property name="Exif/Model" value="iPhone X"/>
          <property name="Exif/Orientation" value="6"/>
          <property name="Exif/ShutterSpeedValue" value="6.90955"/>
          <property name="Exif/Software" value="16.1.1"/>
          <property name="File/ImageHeight" value="3024"/>
          <property name="File/ImageWidth" value="3024"/>
          <property name="System/FileModifyDate" value="2022:11:28 11:27:34"/>
          <property name="System/FileSize" value="1512863"/>
        </meta>
      </photo>
    </camera>
    <camera camera_id="29">
      <photo path="../../../IMG_9920.JPG">
        <meta>
          <property name="Exif/ApertureValue" value="1.69599"/>
          <property name="Exif/DateTime" value="2022:11:28 10:51:27"/>
          <property name="Exif/DateTimeOriginal" value="2022:11:28 10:51:27"/>
          <property name="Exif/ExposureTime" value="0.00833333"/>
          <property name="Exif/FNumber" value="1.8"/>
          <property name="Exif/FocalLength" value="4"/>
          <property name="Exif/FocalLengthIn35mmFilm" value="33"/>
          <property name="Exif/ISOSpeedRatings" value="32"/>
          <property name="Exif/LensMake" value="Apple"/>
          <property name="Exif/LensModel" value="iPhone X back dual camera 4mm f/1.8"/>
          <property name="Exif/Make" value="Apple"/>
          <property name="Exif/Model" value="iPhone X"/>
          <property name="Exif/Orientation" value="6"/>
          <property name="Exif/ShutterSpeedValue" value="6.90955"/>
          <property name="Exif/Software" value="16.1.1"/>
          <property name="File/ImageHeight" value="3024"/>
          <property name="File/ImageWidth" value="3024"/>
          <property name="System/FileModifyDate" value="2022:11:28 11:27:34"/>
          <property name="System/FileSize" value="1542214"/>
        </meta>
      </photo>
    </camera>
    <camera camera_id="30">
      <photo path="../../../IMG_9921.JPG">
        <meta>
          <property name="Exif/ApertureValue" value="1.69599"/>
          <property name="Exif/DateTime" value="2022:11:28 10:51:31"/>
          <property name="Exif/DateTimeOriginal" value="2022:11:28 10:51:31"/>
          <property name="Exif/ExposureTime" value="0.00833333"/>
          <property name="Exif/FNumber" value="1.8"/>
          <property name="Exif/FocalLength" value="4"/>
          <property name="Exif/FocalLengthIn35mmFilm" value="33"/>
          <property name="Exif/ISOSpeedRatings" value="32"/>
          <property name="Exif/LensMake" value="Apple"/>
          <property name="Exif/LensModel" value="iPhone X back dual camera 4mm f/1.8"/>
          <property name="Exif/Make" value="Apple"/>
          <property name="Exif/Model" value="iPhone X"/>
          <property name="Exif/Orientation" value="6"/>
          <property name="Exif/ShutterSpeedValue" value="6.90955"/>
          <property name="Exif/Software" value="16.1.1"/>
          <property name="File/ImageHeight" value="3024"/>
          <property name="File/ImageWidth" value="3024"/>
          <property name="System/FileModifyDate" value="2022:11:28 11:27:34"/>
          <property name="System/FileSize" value="1523109"/>
        </meta>
      </photo>
    </camera>
    <camera camera_id="31">
      <photo path="../../../IMG_9922.JPG">
        <meta>
          <property name="Exif/ApertureValue" value="1.69599"/>
          <property name="Exif/DateTime" value="2022:11:28 10:51:36"/>
          <property name="Exif/DateTimeOriginal" value="2022:11:28 10:51:36"/>
          <property name="Exif/ExposureTime" value="0.00833333"/>
          <property name="Exif/FNumber" value="1.8"/>
          <property name="Exif/FocalLength" value="4"/>
          <property name="Exif/FocalLengthIn35mmFilm" value="33"/>
          <property name="Exif/ISOSpeedRatings" value="32"/>
          <property name="Exif/LensMake" value="Apple"/>
          <property name="Exif/LensModel" value="iPhone X back dual camera 4mm f/1.8"/>
          <property name="Exif/Make" value="Apple"/>
          <property name="Exif/Model" value="iPhone X"/>
          <property name="Exif/Orientation" value="6"/>
          <property name="Exif/ShutterSpeedValue" value="6.90955"/>
          <property name="Exif/Software" value="16.1.1"/>
          <property name="File/ImageHeight" value="3024"/>
          <property name="File/ImageWidth" value="3024"/>
          <property name="System/FileModifyDate" value="2022:11:28 11:27:34"/>
          <property name="System/FileSize" value="1554071"/>
        </meta>
      </photo>
    </camera>
    <camera camera_id="32">
      <photo path="../../../IMG_9924.JPG">
        <meta>
          <property name="Exif/ApertureValue" value="1.69599"/>
          <property name="Exif/DateTime" value="2022:11:28 10:51:54"/>
          <property name="Exif/DateTimeOriginal" value="2022:11:28 10:51:54"/>
          <property name="Exif/ExposureTime" value="0.00833333"/>
          <property name="Exif/FNumber" value="1.8"/>
          <property name="Exif/FocalLength" value="4"/>
          <property name="Exif/FocalLengthIn35mmFilm" value="33"/>
          <property name="Exif/ISOSpeedRatings" value="40"/>
          <property name="Exif/LensMake" value="Apple"/>
          <property name="Exif/LensModel" value="iPhone X back dual camera 4mm f/1.8"/>
          <property name="Exif/Make" value="Apple"/>
          <property name="Exif/Model" value="iPhone X"/>
          <property name="Exif/Orientation" value="6"/>
          <property name="Exif/ShutterSpeedValue" value="6.90955"/>
          <property name="Exif/Software" value="16.1.1"/>
          <property name="File/ImageHeight" value="3024"/>
          <property name="File/ImageWidth" value="3024"/>
          <property name="System/FileModifyDate" value="2022:11:28 11:27:34"/>
          <property name="System/FileSize" value="1354188"/>
        </meta>
      </photo>
    </camera>
    <camera camera_id="33">
      <photo path="../../../IMG_9925.JPG">
        <meta>
          <property name="Exif/ApertureValue" value="1.69599"/>
          <property name="Exif/DateTime" value="2022:11:28 10:51:58"/>
          <property name="Exif/DateTimeOriginal" value="2022:11:28 10:51:58"/>
          <property name="Exif/ExposureTime" value="0.00833333"/>
          <property name="Exif/FNumber" value="1.8"/>
          <property name="Exif/FocalLength" value="4"/>
          <property name="Exif/FocalLengthIn35mmFilm" value="33"/>
          <property name="Exif/ISOSpeedRatings" value="32"/>
          <property name="Exif/LensMake" value="Apple"/>
          <property name="Exif/LensModel" value="iPhone X back dual camera 4mm f/1.8"/>
          <property name="Exif/Make" value="Apple"/>
          <property name="Exif/Model" value="iPhone X"/>
          <property name="Exif/Orientation" value="6"/>
          <property name="Exif/ShutterSpeedValue" value="6.90955"/>
          <property name="Exif/Software" value="16.1.1"/>
          <property name="File/ImageHeight" value="3024"/>
          <property name="File/ImageWidth" value="3024"/>
          <property name="System/FileModifyDate" value="2022:11:28 11:27:34"/>
          <property name="System/FileSize" value="1366666"/>
        </meta>
      </photo>
    </camera>
    <camera camera_id="34">
      <photo path="../../../IMG_9926.JPG">
        <meta>
          <property name="Exif/ApertureValue" value="1.69599"/>
          <property name="Exif/DateTime" value="2022:11:28 10:52:01"/>
          <property name="Exif/DateTimeOriginal" value="2022:11:28 10:52:01"/>
          <property name="Exif/ExposureTime" value="0.00833333"/>
          <property name="Exif/FNumber" value="1.8"/>
          <property name="Exif/FocalLength" value="4"/>
          <property name="Exif/FocalLengthIn35mmFilm" value="33"/>
          <property name="Exif/ISOSpeedRatings" value="32"/>
          <property name="Exif/LensMake" value="Apple"/>
          <property name="Exif/LensModel" value="iPhone X back dual camera 4mm f/1.8"/>
          <property name="Exif/Make" value="Apple"/>
          <property name="Exif/Model" value="iPhone X"/>
          <property name="Exif/Orientation" value="6"/>
          <property name="Exif/ShutterSpeedValue" value="6.90955"/>
          <property name="Exif/Software" value="16.1.1"/>
          <property name="File/ImageHeight" value="3024"/>
          <property name="File/ImageWidth" value="3024"/>
          <property name="System/FileModifyDate" value="2022:11:28 11:27:34"/>
          <property name="System/FileSize" value="1445539"/>
        </meta>
      </photo>
    </camera>
    <camera camera_id="35">
      <photo path="../../../IMG_9927.JPG">
        <meta>
          <property name="Exif/ApertureValue" value="1.69599"/>
          <property name="Exif/DateTime" value="2022:11:28 10:52:05"/>
          <property name="Exif/DateTimeOriginal" value="2022:11:28 10:52:05"/>
          <property name="Exif/ExposureTime" value="0.00833333"/>
          <property name="Exif/FNumber" value="1.8"/>
          <property name="Exif/FocalLength" value="4"/>
          <property name="Exif/FocalLengthIn35mmFilm" value="33"/>
          <property name="Exif/ISOSpeedRatings" value="32"/>
          <property name="Exif/LensMake" value="Apple"/>
          <property name="Exif/LensModel" value="iPhone X back dual camera 4mm f/1.8"/>
          <property name="Exif/Make" value="Apple"/>
          <property name="Exif/Model" value="iPhone X"/>
          <property name="Exif/Orientation" value="6"/>
          <property name="Exif/ShutterSpeedValue" value="6.90955"/>
          <property name="Exif/Software" value="16.1.1"/>
          <property name="File/ImageHeight" value="3024"/>
          <property name="File/ImageWidth" value="3024"/>
          <property name="System/FileModifyDate" value="2022:11:28 11:27:34"/>
          <property name="System/FileSize" value="1391158"/>
        </meta>
      </photo>
    </camera>
    <camera camera_id="36">
      <photo path="../../../IMG_9928.JPG">
        <meta>
          <property name="Exif/ApertureValue" value="1.69599"/>
          <property name="Exif/DateTime" value="2022:11:28 10:52:09"/>
          <property name="Exif/DateTimeOriginal" value="2022:11:28 10:52:09"/>
          <property name="Exif/ExposureTime" value="0.00833333"/>
          <property name="Exif/FNumber" value="1.8"/>
          <property name="Exif/FocalLength" value="4"/>
          <property name="Exif/FocalLengthIn35mmFilm" value="33"/>
          <property name="Exif/ISOSpeedRatings" value="40"/>
          <property name="Exif/LensMake" value="Apple"/>
          <property name="Exif/LensModel" value="iPhone X back dual camera 4mm f/1.8"/>
          <property name="Exif/Make" value="Apple"/>
          <property name="Exif/Model" value="iPhone X"/>
          <property name="Exif/Orientation" value="6"/>
          <property name="Exif/ShutterSpeedValue" value="6.90955"/>
          <property name="Exif/Software" value="16.1.1"/>
          <property name="File/ImageHeight" value="3024"/>
          <property name="File/ImageWidth" value="3024"/>
          <property name="System/FileModifyDate" value="2022:11:28 11:27:34"/>
          <property name="System/FileSize" value="1266689"/>
        </meta>
      </photo>
    </camera>
    <camera camera_id="37">
      <photo path="../../../IMG_9929.JPG">
        <meta>
          <property name="Exif/ApertureValue" value="1.69599"/>
          <property name="Exif/DateTime" value="2022:11:28 10:52:13"/>
          <property name="Exif/DateTimeOriginal" value="2022:11:28 10:52:13"/>
          <property name="Exif/ExposureTime" value="0.00833333"/>
          <property name="Exif/FNumber" value="1.8"/>
          <property name="Exif/FocalLength" value="4"/>
          <property name="Exif/FocalLengthIn35mmFilm" value="33"/>
          <property name="Exif/ISOSpeedRatings" value="32"/>
          <property name="Exif/LensMake" value="Apple"/>
          <property name="Exif/LensModel" value="iPhone X back dual camera 4mm f/1.8"/>
          <property name="Exif/Make" value="Apple"/>
          <property name="Exif/Model" value="iPhone X"/>
          <property name="Exif/Orientation" value="6"/>
          <property name="Exif/ShutterSpeedValue" value="6.90955"/>
          <property name="Exif/Software" value="16.1.1"/>
          <property name="File/ImageHeight" value="3024"/>
          <property name="File/ImageWidth" value="3024"/>
          <property name="System/FileModifyDate" value="2022:11:28 11:27:34"/>
          <property name="System/FileSize" value="1400617"/>
        </meta>
      </photo>
    </camera>
    <camera camera_id="38">
      <photo path="../../../IMG_9930.JPG">
        <meta>
          <property name="Exif/ApertureValue" value="1.69599"/>
          <property name="Exif/DateTime" value="2022:11:28 10:52:17"/>
          <property name="Exif/DateTimeOriginal" value="2022:11:28 10:52:17"/>
          <property name="Exif/ExposureTime" value="0.00833333"/>
          <property name="Exif/FNumber" value="1.8"/>
          <property name="Exif/FocalLength" value="4"/>
          <property name="Exif/FocalLengthIn35mmFilm" value="33"/>
          <property name="Exif/ISOSpeedRatings" value="32"/>
          <property name="Exif/LensMake" value="Apple"/>
          <property name="Exif/LensModel" value="iPhone X back dual camera 4mm f/1.8"/>
          <property name="Exif/Make" value="Apple"/>
          <property name="Exif/Model" value="iPhone X"/>
          <property name="Exif/Orientation" value="6"/>
          <property name="Exif/ShutterSpeedValue" value="6.90955"/>
          <property name="Exif/Software" value="16.1.1"/>
          <property name="File/ImageHeight" value="3024"/>
          <property name="File/ImageWidth" value="3024"/>
          <property name="System/FileModifyDate" value="2022:11:28 11:27:34"/>
          <property name="System/FileSize" value="1260759"/>
        </meta>
      </photo>
    </camera>
    <camera camera_id="39">
      <photo path="../../../IMG_9931.JPG">
        <meta>
          <property name="Exif/ApertureValue" value="1.69599"/>
          <property name="Exif/DateTime" value="2022:11:28 10:52:20"/>
          <property name="Exif/DateTimeOriginal" value="2022:11:28 10:52:20"/>
          <property name="Exif/ExposureTime" value="0.00833333"/>
          <property name="Exif/FNumber" value="1.8"/>
          <property name="Exif/FocalLength" value="4"/>
          <property name="Exif/FocalLengthIn35mmFilm" value="33"/>
          <property name="Exif/ISOSpeedRatings" value="32"/>
          <property name="Exif/LensMake" value="Apple"/>
          <property name="Exif/LensModel" value="iPhone X back dual camera 4mm f/1.8"/>
          <property name="Exif/Make" value="Apple"/>
          <property name="Exif/Model" value="iPhone X"/>
          <property name="Exif/Orientation" value="6"/>
          <property name="Exif/ShutterSpeedValue" value="6.90955"/>
          <property name="Exif/Software" value="16.1.1"/>
          <property name="File/ImageHeight" value="3024"/>
          <property name="File/ImageWidth" value="3024"/>
          <property name="System/FileModifyDate" value="2022:11:28 11:27:35"/>
          <property name="System/FileSize" value="1247172"/>
        </meta>
      </photo>
    </camera>
    <camera camera_id="40">
      <photo path="../../../IMG_9932.JPG">
        <meta>
          <property name="Exif/ApertureValue" value="1.69599"/>
          <property name="Exif/DateTime" value="2022:11:28 10:52:24"/>
          <property name="Exif/DateTimeOriginal" value="2022:11:28 10:52:24"/>
          <property name="Exif/ExposureTime" value="0.00833333"/>
          <property name="Exif/FNumber" value="1.8"/>
          <property name="Exif/FocalLength" value="4"/>
          <property name="Exif/FocalLengthIn35mmFilm" value="33"/>
          <property name="Exif/ISOSpeedRatings" value="25"/>
          <property name="Exif/LensMake" value="Apple"/>
          <property name="Exif/LensModel" value="iPhone X back dual camera 4mm f/1.8"/>
          <property name="Exif/Make" value="Apple"/>
          <property name="Exif/Model" value="iPhone X"/>
          <property name="Exif/Orientation" value="6"/>
          <property name="Exif/ShutterSpeedValue" value="6.90955"/>
          <property name="Exif/Software" value="16.1.1"/>
          <property name="File/ImageHeight" value="3024"/>
          <property name="File/ImageWidth" value="3024"/>
          <property name="System/FileModifyDate" value="2022:11:28 11:27:35"/>
          <property name="System/FileSize" value="1225949"/>
        </meta>
      </photo>
    </camera>
    <camera camera_id="41">
      <photo path="../../../IMG_9933.JPG">
        <meta>
          <property name="Exif/ApertureValue" value="1.69599"/>
          <property name="Exif/DateTime" value="2022:11:28 10:52:27"/>
          <property name="Exif/DateTimeOriginal" value="2022:11:28 10:52:27"/>
          <property name="Exif/ExposureTime" value="0.00833333"/>
          <property name="Exif/FNumber" value="1.8"/>
          <property name="Exif/FocalLength" value="4"/>
          <property name="Exif/FocalLengthIn35mmFilm" value="33"/>
          <property name="Exif/ISOSpeedRatings" value="25"/>
          <property name="Exif/LensMake" value="Apple"/>
          <property name="Exif/LensModel" value="iPhone X back dual camera 4mm f/1.8"/>
          <property name="Exif/Make" value="Apple"/>
          <property name="Exif/Model" value="iPhone X"/>
          <property name="Exif/Orientation" value="6"/>
          <property name="Exif/ShutterSpeedValue" value="6.90955"/>
          <property name="Exif/Software" value="16.1.1"/>
          <property name="File/ImageHeight" value="3024"/>
          <property name="File/ImageWidth" value="3024"/>
          <property name="System/FileModifyDate" value="2022:11:28 11:27:35"/>
          <property name="System/FileSize" value="1218292"/>
        </meta>
      </photo>
    </camera>
    <camera camera_id="42">
      <photo path="../../../IMG_9934.JPG">
        <meta>
          <property name="Exif/ApertureValue" value="1.69599"/>
          <property name="Exif/DateTime" value="2022:11:28 10:52:31"/>
          <property name="Exif/DateTimeOriginal" value="2022:11:28 10:52:31"/>
          <property name="Exif/ExposureTime" value="0.00833333"/>
          <property name="Exif/FNumber" value="1.8"/>
          <property name="Exif/FocalLength" value="4"/>
          <property name="Exif/FocalLengthIn35mmFilm" value="33"/>
          <property name="Exif/ISOSpeedRatings" value="25"/>
          <property name="Exif/LensMake" value="Apple"/>
          <property name="Exif/LensModel" value="iPhone X back dual camera 4mm f/1.8"/>
          <property name="Exif/Make" value="Apple"/>
          <property name="Exif/Model" value="iPhone X"/>
          <property name="Exif/Orientation" value="6"/>
          <property name="Exif/ShutterSpeedValue" value="6.90955"/>
          <property name="Exif/Software" value="16.1.1"/>
          <property name="File/ImageHeight" value="3024"/>
          <property name="File/ImageWidth" value="3024"/>
          <property name="System/FileModifyDate" value="2022:11:28 11:27:35"/>
          <property name="System/FileSize" value="1240031"/>
        </meta>
      </photo>
    </camera>
    <camera camera_id="43">
      <photo path="../../../IMG_9935.JPG">
        <meta>
          <property name="Exif/ApertureValue" value="1.69599"/>
          <property name="Exif/DateTime" value="2022:11:28 10:52:35"/>
          <property name="Exif/DateTimeOriginal" value="2022:11:28 10:52:35"/>
          <property name="Exif/ExposureTime" value="0.00833333"/>
          <property name="Exif/FNumber" value="1.8"/>
          <property name="Exif/FocalLength" value="4"/>
          <property name="Exif/FocalLengthIn35mmFilm" value="33"/>
          <property name="Exif/ISOSpeedRatings" value="25"/>
          <property name="Exif/LensMake" value="Apple"/>
          <property name="Exif/LensModel" value="iPhone X back dual camera 4mm f/1.8"/>
          <property name="Exif/Make" value="Apple"/>
          <property name="Exif/Model" value="iPhone X"/>
          <property name="Exif/Orientation" value="6"/>
          <property name="Exif/ShutterSpeedValue" value="6.90955"/>
          <property name="Exif/Software" value="16.1.1"/>
          <property name="File/ImageHeight" value="3024"/>
          <property name="File/ImageWidth" value="3024"/>
          <property name="System/FileModifyDate" value="2022:11:28 11:27:35"/>
          <property name="System/FileSize" value="1249652"/>
        </meta>
      </photo>
    </camera>
    <camera camera_id="44">
      <photo path="../../../IMG_9936.JPG">
        <meta>
          <property name="Exif/ApertureValue" value="1.69599"/>
          <property name="Exif/DateTime" value="2022:11:28 10:52:40"/>
          <property name="Exif/DateTimeOriginal" value="2022:11:28 10:52:40"/>
          <property name="Exif/ExposureTime" value="0.00833333"/>
          <property name="Exif/FNumber" value="1.8"/>
          <property name="Exif/FocalLength" value="4"/>
          <property name="Exif/FocalLengthIn35mmFilm" value="33"/>
          <property name="Exif/ISOSpeedRatings" value="25"/>
          <property name="Exif/LensMake" value="Apple"/>
          <property name="Exif/LensModel" value="iPhone X back dual camera 4mm f/1.8"/>
          <property name="Exif/Make" value="Apple"/>
          <property name="Exif/Model" value="iPhone X"/>
          <property name="Exif/Orientation" value="6"/>
          <property name="Exif/ShutterSpeedValue" value="6.90955"/>
          <property name="Exif/Software" value="16.1.1"/>
          <property name="File/ImageHeight" value="3024"/>
          <property name="File/ImageWidth" value="3024"/>
          <property name="System/FileModifyDate" value="2022:11:28 11:27:35"/>
          <property name="System/FileSize" value="1280058"/>
        </meta>
      </photo>
    </camera>
    <camera camera_id="45">
      <photo path="../../../IMG_9937.JPG">
        <meta>
          <property name="Exif/ApertureValue" value="1.69599"/>
          <property name="Exif/DateTime" value="2022:11:28 10:52:43"/>
          <property name="Exif/DateTimeOriginal" value="2022:11:28 10:52:43"/>
          <property name="Exif/ExposureTime" value="0.00833333"/>
          <property name="Exif/FNumber" value="1.8"/>
          <property name="Exif/FocalLength" value="4"/>
          <property name="Exif/FocalLengthIn35mmFilm" value="33"/>
          <property name="Exif/ISOSpeedRatings" value="32"/>
          <property name="Exif/LensMake" value="Apple"/>
          <property name="Exif/LensModel" value="iPhone X back dual camera 4mm f/1.8"/>
          <property name="Exif/Make" value="Apple"/>
          <property name="Exif/Model" value="iPhone X"/>
          <property name="Exif/Orientation" value="6"/>
          <property name="Exif/ShutterSpeedValue" value="6.90955"/>
          <property name="Exif/Software" value="16.1.1"/>
          <property name="File/ImageHeight" value="3024"/>
          <property name="File/ImageWidth" value="3024"/>
          <property name="System/FileModifyDate" value="2022:11:28 11:27:35"/>
          <property name="System/FileSize" value="1280544"/>
        </meta>
      </photo>
    </camera>
    <camera camera_id="46">
      <photo path="../../../IMG_9938.JPG">
        <meta>
          <property name="Exif/ApertureValue" value="1.69599"/>
          <property name="Exif/DateTime" value="2022:11:28 10:52:47"/>
          <property name="Exif/DateTimeOriginal" value="2022:11:28 10:52:47"/>
          <property name="Exif/ExposureTime" value="0.00833333"/>
          <property name="Exif/FNumber" value="1.8"/>
          <property name="Exif/FocalLength" value="4"/>
          <property name="Exif/FocalLengthIn35mmFilm" value="33"/>
          <property name="Exif/ISOSpeedRatings" value="32"/>
          <property name="Exif/LensMake" value="Apple"/>
          <property name="Exif/LensModel" value="iPhone X back dual camera 4mm f/1.8"/>
          <property name="Exif/Make" value="Apple"/>
          <property name="Exif/Model" value="iPhone X"/>
          <property name="Exif/Orientation" value="6"/>
          <property name="Exif/ShutterSpeedValue" value="6.90955"/>
          <property name="Exif/Software" value="16.1.1"/>
          <property name="File/ImageHeight" value="3024"/>
          <property name="File/ImageWidth" value="3024"/>
          <property name="System/FileModifyDate" value="2022:11:28 11:27:35"/>
          <property name="System/FileSize" value="1318169"/>
        </meta>
      </photo>
    </camera>
    <camera camera_id="47">
      <photo path="../../../IMG_9939.JPG">
        <meta>
          <property name="Exif/ApertureValue" value="1.69599"/>
          <property name="Exif/DateTime" value="2022:11:28 10:52:51"/>
          <property name="Exif/DateTimeOriginal" value="2022:11:28 10:52:51"/>
          <property name="Exif/ExposureTime" value="0.00833333"/>
          <property name="Exif/FNumber" value="1.8"/>
          <property name="Exif/FocalLength" value="4"/>
          <property name="Exif/FocalLengthIn35mmFilm" value="33"/>
          <property name="Exif/ISOSpeedRatings" value="32"/>
          <property name="Exif/LensMake" value="Apple"/>
          <property name="Exif/LensModel" value="iPhone X back dual camera 4mm f/1.8"/>
          <property name="Exif/Make" value="Apple"/>
          <property name="Exif/Model" value="iPhone X"/>
          <property name="Exif/Orientation" value="6"/>
          <property name="Exif/ShutterSpeedValue" value="6.90955"/>
          <property name="Exif/Software" value="16.1.1"/>
          <property name="File/ImageHeight" value="3024"/>
          <property name="File/ImageWidth" value="3024"/>
          <property name="System/FileModifyDate" value="2022:11:28 11:27:35"/>
          <property name="System/FileSize" value="1225956"/>
        </meta>
      </photo>
    </camera>
    <camera camera_id="48">
      <photo path="../../../IMG_9940.JPG">
        <meta>
          <property name="Exif/ApertureValue" value="1.69599"/>
          <property name="Exif/DateTime" value="2022:11:28 10:52:54"/>
          <property name="Exif/DateTimeOriginal" value="2022:11:28 10:52:54"/>
          <property name="Exif/ExposureTime" value="0.00833333"/>
          <property name="Exif/FNumber" value="1.8"/>
          <property name="Exif/FocalLength" value="4"/>
          <property name="Exif/FocalLengthIn35mmFilm" value="33"/>
          <property name="Exif/ISOSpeedRatings" value="25"/>
          <property name="Exif/LensMake" value="Apple"/>
          <property name="Exif/LensModel" value="iPhone X back dual camera 4mm f/1.8"/>
          <property name="Exif/Make" value="Apple"/>
          <property name="Exif/Model" value="iPhone X"/>
          <property name="Exif/Orientation" value="6"/>
          <property name="Exif/ShutterSpeedValue" value="6.90955"/>
          <property name="Exif/Software" value="16.1.1"/>
          <property name="File/ImageHeight" value="3024"/>
          <property name="File/ImageWidth" value="3024"/>
          <property name="System/FileModifyDate" value="2022:11:28 11:27:35"/>
          <property name="System/FileSize" value="1325257"/>
        </meta>
      </photo>
    </camera>
    <camera camera_id="49">
      <photo path="../../../IMG_9941.JPG">
        <meta>
          <property name="Exif/ApertureValue" value="1.69599"/>
          <property name="Exif/DateTime" value="2022:11:28 10:52:58"/>
          <property name="Exif/DateTimeOriginal" value="2022:11:28 10:52:58"/>
          <property name="Exif/ExposureTime" value="0.00833333"/>
          <property name="Exif/FNumber" value="1.8"/>
          <property name="Exif/FocalLength" value="4"/>
          <property name="Exif/FocalLengthIn35mmFilm" value="33"/>
          <property name="Exif/ISOSpeedRatings" value="25"/>
          <property name="Exif/LensMake" value="Apple"/>
          <property name="Exif/LensModel" value="iPhone X back dual camera 4mm f/1.8"/>
          <property name="Exif/Make" value="Apple"/>
          <property name="Exif/Model" value="iPhone X"/>
          <property name="Exif/Orientation" value="6"/>
          <property name="Exif/ShutterSpeedValue" value="6.90955"/>
          <property name="Exif/Software" value="16.1.1"/>
          <property name="File/ImageHeight" value="3024"/>
          <property name="File/ImageWidth" value="3024"/>
          <property name="System/FileModifyDate" value="2022:11:28 11:27:35"/>
          <property name="System/FileSize" value="1266870"/>
        </meta>
      </photo>
    </camera>
    <camera camera_id="50">
      <photo path="../../../IMG_9942.JPG">
        <meta>
          <property name="Exif/ApertureValue" value="1.69599"/>
          <property name="Exif/DateTime" value="2022:11:28 10:53:02"/>
          <property name="Exif/DateTimeOriginal" value="2022:11:28 10:53:02"/>
          <property name="Exif/ExposureTime" value="0.00833333"/>
          <property name="Exif/FNumber" value="1.8"/>
          <property name="Exif/FocalLength" value="4"/>
          <property name="Exif/FocalLengthIn35mmFilm" value="33"/>
          <property name="Exif/ISOSpeedRatings" value="20"/>
          <property name="Exif/LensMake" value="Apple"/>
          <property name="Exif/LensModel" value="iPhone X back dual camera 4mm f/1.8"/>
          <property name="Exif/Make" value="Apple"/>
          <property name="Exif/Model" value="iPhone X"/>
          <property name="Exif/Orientation" value="6"/>
          <property name="Exif/ShutterSpeedValue" value="6.90955"/>
          <property name="Exif/Software" value="16.1.1"/>
          <property name="File/ImageHeight" value="3024"/>
          <property name="File/ImageWidth" value="3024"/>
          <property name="System/FileModifyDate" value="2022:11:28 11:27:35"/>
          <property name="System/FileSize" value="1270973"/>
        </meta>
      </photo>
    </camera>
    <camera camera_id="51">
      <photo path="../../../IMG_9943.JPG">
        <meta>
          <property name="Exif/ApertureValue" value="1.69599"/>
          <property name="Exif/DateTime" value="2022:11:28 10:53:06"/>
          <property name="Exif/DateTimeOriginal" value="2022:11:28 10:53:06"/>
          <property name="Exif/ExposureTime" value="0.00833333"/>
          <property name="Exif/FNumber" value="1.8"/>
          <property name="Exif/FocalLength" value="4"/>
          <property name="Exif/FocalLengthIn35mmFilm" value="33"/>
          <property name="Exif/ISOSpeedRatings" value="25"/>
          <property name="Exif/LensMake" value="Apple"/>
          <property name="Exif/LensModel" value="iPhone X back dual camera 4mm f/1.8"/>
          <property name="Exif/Make" value="Apple"/>
          <property name="Exif/Model" value="iPhone X"/>
          <property name="Exif/Orientation" value="6"/>
          <property name="Exif/ShutterSpeedValue" value="6.90955"/>
          <property name="Exif/Software" value="16.1.1"/>
          <property name="File/ImageHeight" value="3024"/>
          <property name="File/ImageWidth" value="3024"/>
          <property name="System/FileModifyDate" value="2022:11:28 11:27:35"/>
          <property name="System/FileSize" value="1307722"/>
        </meta>
      </photo>
    </camera>
    <camera camera_id="52">
      <photo path="../../../IMG_9944.JPG">
        <meta>
          <property name="Exif/ApertureValue" value="1.69599"/>
          <property name="Exif/DateTime" value="2022:11:28 10:53:09"/>
          <property name="Exif/DateTimeOriginal" value="2022:11:28 10:53:09"/>
          <property name="Exif/ExposureTime" value="0.00833333"/>
          <property name="Exif/FNumber" value="1.8"/>
          <property name="Exif/FocalLength" value="4"/>
          <property name="Exif/FocalLengthIn35mmFilm" value="33"/>
          <property name="Exif/ISOSpeedRatings" value="32"/>
          <property name="Exif/LensMake" value="Apple"/>
          <property name="Exif/LensModel" value="iPhone X back dual camera 4mm f/1.8"/>
          <property name="Exif/Make" value="Apple"/>
          <property name="Exif/Model" value="iPhone X"/>
          <property name="Exif/Orientation" value="6"/>
          <property name="Exif/ShutterSpeedValue" value="6.90955"/>
          <property name="Exif/Software" value="16.1.1"/>
          <property name="File/ImageHeight" value="3024"/>
          <property name="File/ImageWidth" value="3024"/>
          <property name="System/FileModifyDate" value="2022:11:28 11:27:35"/>
          <property name="System/FileSize" value="1262627"/>
        </meta>
      </photo>
    </camera>
    <camera camera_id="53">
      <photo path="../../../IMG_9945.JPG">
        <meta>
          <property name="Exif/ApertureValue" value="1.69599"/>
          <property name="Exif/DateTime" value="2022:11:28 10:53:13"/>
          <property name="Exif/DateTimeOriginal" value="2022:11:28 10:53:13"/>
          <property name="Exif/ExposureTime" value="0.00833333"/>
          <property name="Exif/FNumber" value="1.8"/>
          <property name="Exif/FocalLength" value="4"/>
          <property name="Exif/FocalLengthIn35mmFilm" value="33"/>
          <property name="Exif/ISOSpeedRatings" value="32"/>
          <property name="Exif/LensMake" value="Apple"/>
          <property name="Exif/LensModel" value="iPhone X back dual camera 4mm f/1.8"/>
          <property name="Exif/Make" value="Apple"/>
          <property name="Exif/Model" value="iPhone X"/>
          <property name="Exif/Orientation" value="6"/>
          <property name="Exif/ShutterSpeedValue" value="6.90955"/>
          <property name="Exif/Software" value="16.1.1"/>
          <property name="File/ImageHeight" value="3024"/>
          <property name="File/ImageWidth" value="3024"/>
          <property name="System/FileModifyDate" value="2022:11:28 11:27:35"/>
          <property name="System/FileSize" value="1344322"/>
        </meta>
      </photo>
    </camera>
    <camera camera_id="54">
      <photo path="../../../IMG_9946.JPG">
        <meta>
          <property name="Exif/ApertureValue" value="1.69599"/>
          <property name="Exif/DateTime" value="2022:11:28 10:53:17"/>
          <property name="Exif/DateTimeOriginal" value="2022:11:28 10:53:17"/>
          <property name="Exif/ExposureTime" value="0.00833333"/>
          <property name="Exif/FNumber" value="1.8"/>
          <property name="Exif/FocalLength" value="4"/>
          <property name="Exif/FocalLengthIn35mmFilm" value="33"/>
          <property name="Exif/ISOSpeedRatings" value="32"/>
          <property name="Exif/LensMake" value="Apple"/>
          <property name="Exif/LensModel" value="iPhone X back dual camera 4mm f/1.8"/>
          <property name="Exif/Make" value="Apple"/>
          <property name="Exif/Model" value="iPhone X"/>
          <property name="Exif/Orientation" value="6"/>
          <property name="Exif/ShutterSpeedValue" value="6.90955"/>
          <property name="Exif/Software" value="16.1.1"/>
          <property name="File/ImageHeight" value="3024"/>
          <property name="File/ImageWidth" value="3024"/>
          <property name="System/FileModifyDate" value="2022:11:28 11:27:35"/>
          <property name="System/FileSize" value="1303692"/>
        </meta>
      </photo>
    </camera>
    <camera camera_id="55">
      <photo path="../../../IMG_9947.JPG">
        <meta>
          <property name="Exif/ApertureValue" value="1.69599"/>
          <property name="Exif/DateTime" value="2022:11:28 10:53:20"/>
          <property name="Exif/DateTimeOriginal" value="2022:11:28 10:53:20"/>
          <property name="Exif/ExposureTime" value="0.00833333"/>
          <property name="Exif/FNumber" value="1.8"/>
          <property name="Exif/FocalLength" value="4"/>
          <property name="Exif/FocalLengthIn35mmFilm" value="33"/>
          <property name="Exif/ISOSpeedRatings" value="32"/>
          <property name="Exif/LensMake" value="Apple"/>
          <property name="Exif/LensModel" value="iPhone X back dual camera 4mm f/1.8"/>
          <property name="Exif/Make" value="Apple"/>
          <property name="Exif/Model" value="iPhone X"/>
          <property name="Exif/Orientation" value="6"/>
          <property name="Exif/ShutterSpeedValue" value="6.90955"/>
          <property name="Exif/Software" value="16.1.1"/>
          <property name="File/ImageHeight" value="3024"/>
          <property name="File/ImageWidth" value="3024"/>
          <property name="System/FileModifyDate" value="2022:11:28 11:27:35"/>
          <property name="System/FileSize" value="1372201"/>
        </meta>
      </photo>
    </camera>
    <camera camera_id="56">
      <photo path="../../../IMG_9948.JPG">
        <meta>
          <property name="Exif/ApertureValue" value="1.69599"/>
          <property name="Exif/DateTime" value="2022:11:28 10:53:24"/>
          <property name="Exif/DateTimeOriginal" value="2022:11:28 10:53:24"/>
          <property name="Exif/ExposureTime" value="0.00833333"/>
          <property name="Exif/FNumber" value="1.8"/>
          <property name="Exif/FocalLength" value="4"/>
          <property name="Exif/FocalLengthIn35mmFilm" value="33"/>
          <property name="Exif/ISOSpeedRatings" value="32"/>
          <property name="Exif/LensMake" value="Apple"/>
          <property name="Exif/LensModel" value="iPhone X back dual camera 4mm f/1.8"/>
          <property name="Exif/Make" value="Apple"/>
          <property name="Exif/Model" value="iPhone X"/>
          <property name="Exif/Orientation" value="6"/>
          <property name="Exif/ShutterSpeedValue" value="6.90955"/>
          <property name="Exif/Software" value="16.1.1"/>
          <property name="File/ImageHeight" value="3024"/>
          <property name="File/ImageWidth" value="3024"/>
          <property name="System/FileModifyDate" value="2022:11:28 11:27:36"/>
          <property name="System/FileSize" value="1418684"/>
        </meta>
      </photo>
    </camera>
    <camera camera_id="57">
      <photo path="../../../IMG_9949.JPG">
        <meta>
          <property name="Exif/ApertureValue" value="1.69599"/>
          <property name="Exif/DateTime" value="2022:11:28 10:53:28"/>
          <property name="Exif/DateTimeOriginal" value="2022:11:28 10:53:28"/>
          <property name="Exif/ExposureTime" value="0.00833333"/>
          <property name="Exif/FNumber" value="1.8"/>
          <property name="Exif/FocalLength" value="4"/>
          <property name="Exif/FocalLengthIn35mmFilm" value="33"/>
          <property name="Exif/ISOSpeedRatings" value="32"/>
          <property name="Exif/LensMake" value="Apple"/>
          <property name="Exif/LensModel" value="iPhone X back dual camera 4mm f/1.8"/>
          <property name="Exif/Make" value="Apple"/>
          <property name="Exif/Model" value="iPhone X"/>
          <property name="Exif/Orientation" value="6"/>
          <property name="Exif/ShutterSpeedValue" value="6.90955"/>
          <property name="Exif/Software" value="16.1.1"/>
          <property name="File/ImageHeight" value="3024"/>
          <property name="File/ImageWidth" value="3024"/>
          <property name="System/FileModifyDate" value="2022:11:28 11:27:36"/>
          <property name="System/FileSize" value="1430833"/>
        </meta>
      </photo>
    </camera>
    <camera camera_id="58">
      <photo path="../../../IMG_9950.JPG">
        <meta>
          <property name="Exif/ApertureValue" value="1.69599"/>
          <property name="Exif/DateTime" value="2022:11:28 10:53:32"/>
          <property name="Exif/DateTimeOriginal" value="2022:11:28 10:53:32"/>
          <property name="Exif/ExposureTime" value="0.00833333"/>
          <property name="Exif/FNumber" value="1.8"/>
          <property name="Exif/FocalLength" value="4"/>
          <property name="Exif/FocalLengthIn35mmFilm" value="33"/>
          <property name="Exif/ISOSpeedRatings" value="32"/>
          <property name="Exif/LensMake" value="Apple"/>
          <property name="Exif/LensModel" value="iPhone X back dual camera 4mm f/1.8"/>
          <property name="Exif/Make" value="Apple"/>
          <property name="Exif/Model" value="iPhone X"/>
          <property name="Exif/Orientation" value="6"/>
          <property name="Exif/ShutterSpeedValue" value="6.90955"/>
          <property name="Exif/Software" value="16.1.1"/>
          <property name="File/ImageHeight" value="3024"/>
          <property name="File/ImageWidth" value="3024"/>
          <property name="System/FileModifyDate" value="2022:11:28 11:27:36"/>
          <property name="System/FileSize" value="1419726"/>
        </meta>
      </photo>
    </camera>
    <camera camera_id="59">
      <photo path="../../../IMG_9951.JPG">
        <meta>
          <property name="Exif/ApertureValue" value="1.69599"/>
          <property name="Exif/DateTime" value="2022:11:28 10:53:35"/>
          <property name="Exif/DateTimeOriginal" value="2022:11:28 10:53:35"/>
          <property name="Exif/ExposureTime" value="0.00833333"/>
          <property name="Exif/FNumber" value="1.8"/>
          <property name="Exif/FocalLength" value="4"/>
          <property name="Exif/FocalLengthIn35mmFilm" value="33"/>
          <property name="Exif/ISOSpeedRatings" value="32"/>
          <property name="Exif/LensMake" value="Apple"/>
          <property name="Exif/LensModel" value="iPhone X back dual camera 4mm f/1.8"/>
          <property name="Exif/Make" value="Apple"/>
          <property name="Exif/Model" value="iPhone X"/>
          <property name="Exif/Orientation" value="6"/>
          <property name="Exif/ShutterSpeedValue" value="6.90955"/>
          <property name="Exif/Software" value="16.1.1"/>
          <property name="File/ImageHeight" value="3024"/>
          <property name="File/ImageWidth" value="3024"/>
          <property name="System/FileModifyDate" value="2022:11:28 11:27:31"/>
          <property name="System/FileSize" value="1370370"/>
        </meta>
      </photo>
    </camera>
  </cameras>
  <masks path="masks/masks.zip"/>
  <thumbnails path="thumbnails/thumbnails.zip"/>
  <point_cloud path="point_cloud/point_cloud.zip"/>
  <depth_maps id="0" path="depth_maps/depth_maps.zip"/>
  <dense_cloud id="0" path="dense_cloud/dense_cloud.zip"/>
  <model id="0" path="model/model.zip"/>
</frame>
